,Name,Session,Order,Generating Questions,Resources,Next Steps,Goals,Benefits,Wellness Dimensions,Overall
0,Participant #1,102,BA,Option A was much better,Option A was somewhat better,Option A was much better,Option A was much better,Option A was somewhat better,Option A was much better,About the same
1,Participant #2,101,AB,Option A was much better,About the same,Option B was somewhat better,Option A was somewhat better,About the same,Option A was somewhat better,About the same
2,Participant #3,101,AB,Option A was much better,About the same,Option B was somewhat better,Option A was much better,About the same,Option A was much better,Option A was somewhat better
3,Participant #4,102,AB,Option A was much better,Option A was somewhat better,Option B was much better,Option B was much better,About the same,About the same,Option B was much better
4,Participant #5,103,AB,About the same,About the same,About the same,About the same,About the same,About the same,About the same
5,Participant #6,104,AB,Option B was much better,Option A was somewhat better,Option B was somewhat better,Option A was somewhat better,About the same,About the same,Option A was somewhat better
6,Participant #7,105,BA,Option A was much better,Option A was much better,Option A was much better,Option A was much better,About the same,About the same,Option A was somewhat better
7,Participant #8,106,BA,About the same,About the same,Option A was somewhat better,Option A was somewhat better,About the same,About the same,Option A was somewhat better
8,Participant #9,106,AB,Option A was much better,Option B was much better,Option B was somewhat better,About the same,About the same,Option B was somewhat better,Option B was somewhat better
