Name,Session,Order,Generating Questions,Resources,Next Steps,Goals,Benefits,Wellness Dimensions,Overall
Participant #1,102,BA,Option A was much better,Option A was somewhat better,Option A was much better,Option A was much better,Option A was somewhat better,Option A was much better,About the same
Participant #2,101,AB,Option A was much better,About the same,Option B was somewhat better,Option A was somewhat better,About the same,Option A was somewhat better,About the same
Participant #3,101,AB,Option A was much better,About the same,Option B was somewhat better,Option A was much better,About the same,Option A was much better,Option A was somewhat better
Participant #4,102,AB,Option A was much better,Option A was somewhat better,Option B was much better,Option B was much better,About the same,About the same,Option B was much better
Participant #5,103,AB,About the same,About the same,About the same,About the same,About the same,About the same,About the same
Participant #6,104,AB,Option B was much better,Option A was somewhat better,Option B was somewhat better,Option A was somewhat better,About the same,About the same,Option A was somewhat better
Participant #7,105,BA,Option A was much better,Option A was much better,Option A was much better,Option A was much better,About the same,About the same,Option A was somewhat better
Participant #8,106,BA,About the same,About the same,Option A was somewhat better,Option A was somewhat better,About the same,About the same,Option A was somewhat better
Participant #9,106,AB,Option A was much better,Option B was much better,Option B was somewhat better,About the same,About the same,Option B was somewhat better,Option B was somewhat better
